Date;Description;Amount
01/04/2026;APPLE.COM/BILL;-2,99
02/04/2026;WOLT *ORDER;-8,48
02/04/2026;KONZUM MARKET 0412;-30,24
03/04/2026;SPOTIFY P2F8A9C1D2;-10,99
03/04/2026;GOOGLE*YOUTUBEPREMIUM;-13,99
03/04/2026;WOLT *ORDER;-17,45
05/04/2026;DROPBOX*PLUS 7Q2K;-11,99
06/04/2026;PLIVACKI KLUB DELFIN;-90,00
08/04/2026;DISNEYPLUS;-10,99
08/04/2026;WOLT *ORDER;-11,57
09/04/2026;KONZUM MARKET 0412;-46,30
10/04/2026;FIT ZONE DOO SARAJEVO;-40,00
12/04/2026;NETFLIX.COM;-15,99
01/05/2026;APPLE.COM/BILL;-2,99
02/05/2026;KONZUM MARKET 0412;-33,56
03/05/2026;SPOTIFY P2F8A9C1D2;-10,99
03/05/2026;GOOGLE*YOUTUBEPREMIUM;-13,99
05/05/2026;DROPBOX*PLUS 7Q2K;-11,99
08/05/2026;DISNEYPLUS;-10,99
09/05/2026;KONZUM MARKET 0412;-30,06
10/05/2026;FIT ZONE DOO SARAJEVO;-40,00
12/05/2026;NETFLIX.COM;-15,99
01/06/2026;APPLE.COM/BILL;-2,99
02/06/2026;WOLT *ORDER;-19,68
02/06/2026;KONZUM MARKET 0412;-52,64
03/06/2026;SPOTIFY P2F8A9C1D2;-10,99
03/06/2026;GOOGLE*YOUTUBEPREMIUM;-13,99
05/06/2026;DROPBOX*PLUS 7Q2K;-11,99
08/06/2026;DISNEYPLUS;-10,99
09/06/2026;KONZUM MARKET 0412;-66,26
10/06/2026;FIT ZONE DOO SARAJEVO;-40,00
10/06/2026;WOLT *ORDER;-21,27
12/06/2026;NETFLIX.COM;-15,99
01/07/2026;APPLE.COM/BILL;-2,99
02/07/2026;KONZUM MARKET 0412;-55,53
02/07/2026;UNIQA OSIGURANJE GODISNJA;-186,00
03/07/2026;SPOTIFY P2F8A9C1D2;-10,99
03/07/2026;GOOGLE*YOUTUBEPREMIUM;-13,99
03/07/2026;WOLT *ORDER;-21,69
05/07/2026;DROPBOX*PLUS 7Q2K;-11,99
06/07/2026;PLIVACKI KLUB DELFIN;-90,00
08/07/2026;DISNEYPLUS;-10,99
09/07/2026;WOLT *ORDER;-15,25
09/07/2026;KONZUM MARKET 0412;-57,30
10/07/2026;FIT ZONE DOO SARAJEVO;-40,00
12/07/2026;NETFLIX.COM;-15,99
12/07/2026;WOLT *ORDER;-13,68
01/08/2026;APPLE.COM/BILL;-2,99
02/08/2026;KONZUM MARKET 0412;-65,20
03/08/2026;SPOTIFY P2F8A9C1D2;-11,99
03/08/2026;GOOGLE*YOUTUBEPREMIUM;-13,99
05/08/2026;DROPBOX*PLUS 7Q2K;-11,99
06/08/2026;WOLT *ORDER;-15,40
08/08/2026;DISNEYPLUS;-10,99
08/08/2026;WOLT *ORDER;-18,95
09/08/2026;WOLT *ORDER;-23,83
09/08/2026;KONZUM MARKET 0412;-61,46
10/08/2026;FIT ZONE DOO SARAJEVO;-40,00
12/08/2026;NETFLIX.COM;-15,99
01/09/2026;APPLE.COM/BILL;-2,99
02/09/2026;KONZUM MARKET 0412;-32,83
03/09/2026;SPOTIFY P2F8A9C1D2;-11,99
03/09/2026;GOOGLE*YOUTUBEPREMIUM;-13,99
05/09/2026;DROPBOX*PLUS 7Q2K;-11,99
08/09/2026;DISNEYPLUS;-10,99
09/09/2026;KONZUM MARKET 0412;-31,81
10/09/2026;FIT ZONE DOO SARAJEVO;-40,00
11/09/2026;WOLT *ORDER;-11,40
12/09/2026;NETFLIX.COM;-15,99
